"package_id","realm","fhir_version","name","country","category","description"
"hl7.fhir.us.core","US","4.0.1","US Core","us","National Base","Base US national implementation guide"
"hl7.fhir.au.base","AU","4.0.1","AU Base","au","National Base","AU Base implementation guide provides support for the use of FHIR®© in an Australian context."
"hl7.fhir.au.core","AU","4.0.1","AU Core","au","National Base","AU Core implementation guide provides support for the use of FHIR®© in an Australian context, and defines the minimum set of constraints on the FHIR resources to create the AU Core profiles."
"fhir.org.nz.ig.base","NZ","4.0.1","NZ Base","nz","National Base","Base New Zealand national implementation guide"
"hl7.fhir.us.ccda","US","4.0.1","CCDA on FHIR","us","Clinical Documents","US Realm Implementation Guide (IG) addressing the key aspects of Consolidated CDA (C-CDA) required for Meaningful Use (MU). This IG focuses on the clinical document header and narrative constraints necessary for human readability, and references the Data Access Framework (DAF) implementation guide for coded data representation"
"hl7.fhir.uv.sdc","International","4.0.1","SDC (Structured Data Capture)","uv","Forms Management","Defines expectations for sharing of Questionnaires and answers, including mechanisms for automatically populating portions of a questionnaire based on embedded mappings to underlying data elements"
"hl7.fhir.us.sdcde","US","3.0.1","SDC Data Elements Registry","us","Forms Management","Defines expectations for sharing of data elements between registries"
"hl7.fhir.us.lab","US","1.0.2","US Lab","us","Diagnostics","US Realm Laboratory ordering and reporting between ambulatory care setting and the laboratory and laboratory reporting to public health jurisdictions"
"hl7.fhir.us.daf","US","3.0.1","DAF","us","EHR Access","Basic arrangements for accessing meaningful use data from EHR systems **NOTE: DAF has been superseded by Argonaut, DAF-Research and US-Core**"
"fhir.argonaut.r2","US","1.0.2","Argonaut Data Query","us","EHR Access","This implementation guide is based upon DSTU2 FHIR standard and covers the US EHR data access for the ONC Common Clinical Data Set and retrieval of static documents"
"fhir.hspc.core","US",NA,"HSPC EHR Guide","us","EHR Access","Builds on Argonaut to make agreements around consistent data (in progress)"
"hl7.fhir.us.meds","US","3.0.1","US Meds Maturity Project","us","Medications / Immunizations","US Meds Maturity Project: promote consistent use of the FHIR pharmacy resources in the US Realm"
"hl7.fhir.us.qicore","US","4.0.1","QICore","us","Quality / CDS","QICore defines a uniform way for quality measurement and decision support knowledge to refer to clinical data. The profiles align as much as possible with DAF and incorporate content from the (Quality Data Model) and the (Virtual Medical Record) specifications"
"hl7.fhir.us.daf-research","US","3.0.1","DAF-Research","us","Research","DAF-Research IG focuses on enabling researchers to access data from multiple organizations"
"hl7.fhir.us.hai","US","4.0.1","US HAI","us","Medication / Immunization","Specifies standards for electronic submission of Healthcare Associated Infection (HAI) reports to the National Healthcare Safety Network (NHSN) of the Centers for Disease Control and Prevention (CDC)"
"hl7.fhir.us.breastcancer","US","3.0.1","US Breast Cancer Data","us","Diagnostics","Logical models and FHIR profiles for supporting breast cancer staging estimation, including the traditional three-component staging involving primary tumor classification, regional lymph nodes and distant metastases, as well as other factors important to prognosis and recurrence risk, such as tumor grade, hormone receptor status (progesterone and estrogen), as well as human epidermal growth factor 2 (HER 2) status"
"hl7.fhir.uv.genomics-reporting","International","4.0.1","Genomics Reporting","uv","Diagnostics","This implementation guide tries to provide guidance that will enable improved interoperable and computable sharing of genetic testing results"
"fhir.argonaut.pd","US","3.0.1","Argonaut Provider Directory","us","Administration","This implementation guide is based upon STU3 FHIR standard and outlines the key data elements for any provider directory and basic query guidance. The components developed in this guide are intended to provide a foundation for a central or distributed Provider or Healthcare Directory"
"fhir.argonaut.scheduling","US","3.0.1","Argonaut Scheduling","us","Administration","This implementation guide is based upon STU3 FHIR standard and provides FHIR RESTful APIs and guidance for access to and booking of appointments for patients by both patient and practitioner end users"
"hl7.fhir.uv.ips","International","4.0.1","International Patient Summary","uv","Patient Summary","The International Patient Summary (IPS) is a minimal and non-exhaustive patient summary, specialty-agnostic, condition-independent, but readily usable by clinicians for the cross-border unscheduled care of a patient"
"ihe.iti.pdqm","International","4.0.1","IHE Patient Demographics Query for Mobile (PDQm)","uv","Administration","Defines a lightweight RESTful interface to a patient demographics supplier leveraging technologies readily available to mobile applications and lightweight browser based applications"
"ihe.iti.pixm","International","4.0.1","IHE Patient Identifier Cross-referencing for Mobile (PIXm)","uv","Administration","Defines a lightweight RESTful interface to a Patient Identifier Cross-reference Manager, leveraging technologies readily available to mobile applications and lightweight browser based applications"
"ihe.iti.pmir","International","4.0.1","IHE Patient Master Identity Registry (PMIR)","uv","Administration","Supports the creating, updating and deprecating of patient master identity information about a subject of care, as well as subscribing to these changes, using the HL7 FHIR standard and its RESTful transactions. In PMIR, “patient identity” information includes all information found in the FHIR Patient Resource such as identifier, name, phone, gender, birth date, address, marital status, photo, others to contact, preference for language, general practitioner, and links to other instances of identities. The “patient master identity” is a dominant identity managed centrally among many participating organizations (a.k.a., “Golden Patient Identity”)."
"ihe.iti.atna","International","4.0.1","IHE FHIR AuditEvent query and feed to ATNA","uv","Privacy / Security","Enable audit log recording (feed) and access to ATNA Audit Repository queries using FHIR AuditEvent resource"
"ihe.iti.macm","International","4.0.1","IHE Mobile Alert Communication Management(mACM)","uv","Communications","Provides the infrastructural components needed to send short, unstructured text alerts to human recipients and can record the outcomes of any human interactions upon receipt of the alert. "
"ihe.iti.mxde","International","4.0.1","IHE Mobile Cross-Enterprise Document Data Element Extraction (mXDE)","uv","Clinical Documents","Provides the means to access data elements extracted from shared structured documents"
"ihe.pcc.qedm","International","4.0.1","IHE Query for Existing Data for Mobile (QEDm)","uv","EHR Access","Supports queries for clinical data elements, including observations, allergy and intolerances, conditions, diagnostic results, medications, immunizations, procedures, encounters and provenance by making the information widely available to other systems within and across enterprises"
"ihe.iti.npfs","International","4.0.1","IHE Non-Patient File Sharing (NPFS)","uv","Administration","Defines how to enable the sharing of non-patient files such as workflow definitions, privacy policies, blank forms, and stylesheets"
"ihe.rad.sole","International","3.0.1","IHE Standardized Operational Log of Events (SOLE)","uv","Administration","Defines a way to exchange information about events that can then be collected and displayed using standard methods"
"ihe.pharm.mma","International","3.0.1","IHE Mobile Medication Administration (MMA)","uv","Medications / Immunizations","Defines the integration between healthcare systems and mobile (or any other) clients using RESTful web services. This allows connecting EHRs with smartphones, smart pill boxes, and other personal or professional devices"
"ihe.pharm.ubp","International","3.0.1","IHE Uniform Barcode Processing (UBP)","uv","Medications / Immunizations","Uniform Barcode Processing for Medications"
"ihe.qrph.mrfd","International","3.0.1","IHE Mobile Retrieve Form for Data Capture (mRFD)","uv","Forms Management","Provides a method for gathering data within a user’s current application to meet the requirements of an external system. mRFD supports RESTful retrieval of forms from a form source, display and completion of a form, and return of instance data from the display application to the source application. The workflows defined in this profile are based on those defined by the Retrieve Form for Data Capture (RFD) profile"
"ihe.qrph.vrdr","International","3.0.1","IHE Vital Records Death Reporting (VRDR)","uv","Medication / Immunization","Defines a Retrieve Form for Data Capture (RFD) content profile that will specify derivation of source content from a medical summary document. by defining requirements for form filler content and form manager handling of the content"
"ihe.pcc.dcp","International","4.0.1","IHE Dynamic Care Planning (DCP)","uv","Care Management","Provides the structures and transactions for care planning, sharing Care Plans that meet the needs of many, such as providers, patients and payers"
"ihe.pcc.dctm","International","4.0.1","IHE Dynamic Care Team Management (DCTM)","uv","Care Management","Provides the means for sharing care team information about a patient’s care teams that meet the needs of many users, such as providers, patients and payers"
"ihe.pcc.pmdt","International","3.0.1","Point-of-Care Medical Device Tracking (PMDT)","uv","Administration","provides definition for a mobile Device"
"ihe.pcc.recon","International","3.0.1","IHE Reconciliation of Clinical Content and Care Providers (RECON)","uv","Administration","Provides the ability to communicate lists of clinical data that were reconciled, when they were reconciled and who did the reconciliation using CDA® constructs and FHIR® Resource attributes"
"ihe.pcc.rpm","International","3.0.1","IHE Remote Patient Monitoring (RPM)","uv","Personal Healthcare","Provides means of reporting measurements taken by Personal Healthcare Devices in a remote location"
"ihe.pcc.ript","International","3.0.1","IHE Routine Interfacility Patient Transport (RIPT)","uv","Communications","Provides means of updating a Transport team with critical and necessary medical information on a patient to be transported"
"ihe.iti.acdc","International","4.0.1","IHE Assessment Curation and Data Collection (ACDC)","uv","EHR Access","Enables assessment developers and curators a means by which they can distribute assessment instruments to healthcare providers, supporting exchange of assessment data in a standardized form using the HL7 FHIR Questionnaire resource."
"ihe.qrph.madx","International","4.0.1","IHE Mobile Aggregate Data Exchange (mADX)","uv","EHR Access","Supports interoperable public health reporting of aggregate health data."
"hl7.fhir.us.ecr","US","4.0.1","Electronic Case Reporting","us","Medication / Immunization","The Electronic Case Reporting (eCR) Implementation Guide supports Reporting, investigation, and management via electronic transmission of clinical data from Electronic Health Records to Public Health Agencies, along with the management and processing of population cases. Ths IG covers Bi-directional information exchange and triggering and decision support"
"hl7.fhir.uv.livd","International","4.0.1","Loinc/IVD Test mapping","uv","Diagnostics","The LIVD Implementation Guide provides a industry standard expression for an IVD device manufacturer's suggestions for a specific device's mapping from the internal, proprietary IVD test codes to suggested LOINC codes when a LIS manager is connecting and configuring a device to the LIS"
"hl7.fhir.uv.pocd","International","4.0.1","Point of Care Devices","uv","Diagnostics","Defines the use of FHIR resources to convey measurements and supporting data from acute care point-of-care medical devices (PoCD) to receiving systems for electronic medical records, clinical decision support, and medical data archiving for aggregate quality measurement and research purposes"
"hl7.fhir.uv.pddi","International","4.0.1","Potential Drug/Drug Interaction","uv","Medications / Immunizations","This implementation guide is targeted at stakeholders who seek to increase the specificity and clinical relevance of drug-drug interaction alerts presented through the electronic health record. The approach is service-oriented and uses Web standards, a minimum information model for potential drug interactions, and emerging Health Information Technology standards including CDS Hooks, FHIR, and Clinical Quality Language (CQL)"
"hl7.fhir.uv.vhdir","International","4.0.1","Validated Healthcare Directory","uv","Administration","Defines the minimum conformance requirements for accessing or exposing validated healthcare directory data and provides a specification for the exchange of directory data between a source of validated provider data and local workflow environments (e.g. local directories)"
"hl7.fhir.us.davinci-crd","US","4.0.1","Coverage Requirements Determination (Da Vinci)","us","Financial","Provides a mechanism for healthcare providers to discover guidelines, pre-authorization requirements and other expectations from payor organizations related to a proposed medication, procedure or other service associated with a patient's insurance coverage. Supports both patient-specific and patient-independent information retrieval"
"hl7.fhir.us.davinci-deqm","US","4.0.1","Data Exchange for Quality Measures (Da Vinci)","us","Financial","Provides a mechanism for healthcare providers and data aggregators to exchange quality measure information using subscription, query, and push methods"
"hl7.fhir.us.odh","US","4.0.1","Occupational Data for Health","us","Clinical Observations","This IG covers the specific data that covers past or present jobs, usual work, employment status, retirement date and combat zone period for the subject. It also includes the past or present jobs and usual work of other household members"
"ihe.pcc.pcs","International","3.0.1","IHE Paramedicine Care Summary (PCS)","uv","Communications","Provides means for Emergency Transport to inform destination Hospital with critical and necessary medical information on patient being transported"
"ihe.pcc.bfde","International","3.0.1","IHE Birth and Fetal Death Reporting - Enhanced (BFDE)","uv","Medication / Immunization","Provides means for pre-populating of data from electronic health record systems to electronic vital records systems for birth and fetal death reporting"
"ihe.qrph.qore","International","3.0.1","IHE Quality Outcome Reporting for EMS (QORE)","uv","Medication / Immunization","Supports transmission of clinical data for use in calculating Emergency Medical Services Quality measures. Focus on Stroke, CPR, and STEMI"
"hl7.fhir.uv.smart-app-launch","International","4.0.1","Smart App Launch Implementation Guide","uv","EHR Access","App access to Healthcare software"
"hl7.fhir.us.bser","US","4.0.1","Bidirectional Services eReferrals (BSeR) FHIR IG","us","Medication / Immunization","The Bidirectional Services eReferrals (BSeR) FHIR IG provides guidance on STU3 FHIR Resources and US Core IG profiles for use in exchanging a referral request and specific program data from a clinical provider to a typically extra-clinical program service provider, such as a diabetes prevention program, a smoking quitline, or a hypertension management training program. And provides for the return of feedback information from the service program to the referring provider"
"hl7.fhir.us.bulkdata","US","4.0.0","FHIR Bulk Data Access","us","EHR Access","This Implementation Guide defines secure FHIR export Operations that use this capability to provide an authenticated and authorized client with the ability to register as a backend service and retrieve any data in a FHIR server, data on all patients in a server, or data on a group of patients while optionally specifying data since a certain date"
"hl7.fhir.us.cdmh","US","4.0.1","Common Data Models Harmonization FHIR IG","us","Research","The CDMH FHIR IG provides the guidance necessary to map the four common data models namely Sentinel, PCORnet CDM, i2b2 and OMOP to FHIR resources and profiles"
"hl7.fhir.us.cqfmeasures","US","4.0.1","Quality Measure Implementation Guide","us","Quality / CDS","Provides profiles and guidance for the representation of clinical quality measures in FHIR and Clincal Quality Language (CQL)"
"hl7.fhir.us.davinci-dtr","US","4.0.1","Documentation Templates and Rules","us","Financial","Provides a mechanism for delivering and executing payer rules related to documentation requirements for a proposed medication, procedure or other service associated with a patient's insurance coverage"
"hl7.fhir.us.davinci-hrex","US","4.0.1","Da Vinci Health Record Exchange","us","Financial","A library of shared artifacts used by other Da Vinci and payer related implementation guides"
"hl7.fhir.us.eltss","US","4.0.1","electronic Long-Term Services and Supports Implementation Guide","us","Medication / Immunization","Provides guidance to US Realm implementers to use the FHIR for implementing access and exchange Electronic Long-Term Services & Supports (eLTSS) Dataset data elements"
"hl7.fhir.us.patient-reported-outcomes","US","4.0.0","Patient Reported Outcomes (PRO) FHIR IG","us","Personal Healthcare","This IG provides the necessary guidance to use FHIR for Patient Reported Outcomes"
"hl7.fhir.us.phcp","US","4.0.1","Pharmacist Care Plan FHIR IG","us","Medications / Immunizations","This is an electronic care plan with enhanced Medications / Immunizations content based on the templates in the HL7 Implementation Guide for C-CDA Release 2.1: Consolidated CDA for Clinical Notes, represented using FHIR profiles"
"hl7.fhir.us.vrdr","US","4.0.1","Vital Records Mortality and Morbidity Reporting FHIR IG","us","Medication / Immunization","The VRDR FHIR IG provides guidance regarding the use of FHIR resources for the bidirectional exchange of mortality data between State-run PHA Vital Records offices and NCHS"
"hl7.fhir.us.womens-health-registries","US","4.0.1","Womens Health Technology Coordinated Registry Network FHIR IG","us","Clinical Registries","The purpose of the IG to provide the necessary guidance to use FHIR to build registries specific to monitoring Womens Health"
"hl7.fhir.uv.phd","International","4.0.1","Personal Health Device FHIR IG","uv","Personal Healthcare","The IG provides a mapping of IEEE 11073 20601 Personal Health Device data to FHIR"
"hl7.fhir.au.pd","AU","3.0.1","Provider Directory IG","au","Administration","This implementation guide is based upon STU3 FHIR standard and is the Australian variant of the Provider Directory IG. It outlines the key data elements for any provider directory and basic query guidance. The components developed in this guide are intended to provide a foundation for a central or distributed Provider or Healthcare Directory"
"argonaut.us.clinicalnotes","US","3.0.1","Argonaut Clinical Notes Implementation Guide","us","EHR Access","This implementation guide provides implementers with FHIR profiles and guidance to create, use, and share Clinical Notes"
"argonaut.us.questionnaire","US","3.0.1","Argonaut Questionnaire Implementation Guide","us","EHR Access","This implementation guide provides implementers with FHIR RESTful APIs and guidance to create, use and share between organizations standard assessment forms and the assessment responses"
"hl7.fhir.dk.core","DK","4.0.1","Danish Core Implementation Guide","dk","National Base","Base danish national implementation guide"
"ch.fhir.ig.ch-core","CH","4.0.1","Swiss Core Implementation Guide","ch","National Base","Base swiss national implementation guide"
"ch.fhir.ig.template","CH","4.0.1","Swiss Guide Template","ch","National Base","HL7 Switzerland FHIR Implementation Guide Template"
"ch.fhir.ig.ch-crl","CH","4.0.1","Swiss Cancer Registration Implementation Guide (CH-CRL)","ch","National Base","Implementation guide for the Cancer Registry Law (CRL)"
"ch.fhir.ig.atc","CH","4.0.1","Audit Trail Consumption (CH-ATC)","ch","National Base","National Integration Profile for the Swiss Electronic Patient Record"
"ch.fhir.ig.ch-orf","CH","4.0.1","Order & Referral by Form (CH-ORF)","ch","National Base","The Order & Referral by Form (CH-ORF) Profile describes how forms for eReferrals, requests for information (such as diagnostic imaging results, lab results, discharge reports etc.) can be defined, deployed and used in order to achieve a syntactical and semantically consistent cross enterprise information exchange."
"ch.fhir.ig.ch-emed","CH","4.0.1","Swiss eMedication Implementation Guide","ch","National Base","The CH EMED implementation guide describes the FHIR representation of the defined documents for the exchange of medication information"
"swiss.mednet.fhir","CH",NA,"mednet Implementation Guide","ch","Patient Summary","The mednet.swiss implementation guide describes the FHIR profiles used to interface with the mednet software"
"hl7.fhir.us.Davinci-drug-formulary","US","4.0.1","US Drug Formulary","us","Medications / Immunizations","API-based data exchange to Third-Party Applications via Member-authorized sharing of Health Plan's Prescription Drug Formulary."
"hl7.fhir.us.davinci-cdex","US","4.0.1","Da Vinci CDex","us","Financial","Provider-to-payer and payer-related provider-to-provider data exchange to improve care coordination, support risk adjustment, ease quality management, facilitate claims auditing and confirm medical necessity, improve member experience, and support orders and referrals."
"hl7.fhir.us.davinci-pdex","US","4.0.1","Da Vinci PDex","us","Financial","Payer data exchange with providers to support care coordination. Member-authorized sharing to Third-Party applications of Health Plan's Healthcare Service Network, Pharmacy Network and Prescription Drug Formulary"
"hl7.fhir.uv.cdisc-lab","International","4.0.1","CDISC Lab Semantics in FHIR","uv","Diagnostics","The IG shows how laboratory data in FHIR format can be converted into the CDISC LAB or LB format"
"hl7.fhir.us.hai-ltcf","US","4.0.1","Healthcare Associated Infection Reports (HAI) Long Term Care Facilities (LTCF)","us","Medication / Immunization","Long term care facility (LTCF) healthcare-associated infection (HAI) reporting to CDC National Healthcare Safety Network (NHSN) to track infections and prevention process measures in a systematic way, which allows identification of problems and care improvement"
"hl7.fhir.us.davinci-alerts","US","4.0.1","Da Vinci Unsolicited Notifications (Alerts)","us","Financial","The goal of this IG is to support the real-time exchange of alerts and notifications that impact patient care and value based or risk based services"
"hl7.fhir.us.davinci-pcde","US","4.0.1","Da Vinci Payer Coverage Decision Exchange (PCDE) FHIR IG","us","Financial","Payer coverage decision exchange will promote continuity of treatment when a member moves from one covered payer to another without increasing provider burden or cost to the member. This IG enables member-authorized sharing of treatment, conditions, authorizations, relevant guidelines and supporting documentation from an original payer to a new payer when a patient changes coverage plans."
"hl7.fhir.us.breast-radiology","US","4.0.1","Breast Radiology Report (BRR)","us","Care Management","Breast Radiology CIMI Logical Models and FHIR Profiles"
"hl7.fhir.uv.cpg","International","4.0.1","FHIR Clinical Guidelines","uv","Quality / CDS","This implementation guide is a multi-stakeholder effort to use FHIR resources to build shareable and computable representations of the content of clinical care guidelines. The guide focuses on common patterns in clinical guidelines, establishing profiles, conformance requirements, and guidance for the patient-independent, as well as analogous patterns for the patient-specific representation of guideline recommendations"
"hl7.fhir.us.mcode","US","4.0.1","Minimal Common Oncology Data Elements (mCODE)","us","Care Management","This IG specifies a core set of common data elements for cancer that is clinically applicable in every electronic patient record with a cancer diagnosis. It is intended to enable standardized information exchange among EHRs/oncology information systems and reuse of data by other stakeholders (e.g. quality measurement, research)."
"hl7.fhir.us.davinci-pas","US","4.0.1","Da Vinci Prior Authorization Support (PAS) FHIR IG","us","Financial","This IG allows providers the ability to easily identify the need for payer authorizations, assemble necessary information, identify and supply missing information and submit it to the payer electronically and receive a response in real time within the clinical workflow."
"hl7.fhir.uv.bulkdata","International","4.0.1","FHIR Bulk Data Access (Flat FHIR)","uv","EHR Access","Defines a way to efficiently access large volumes of information on a group of individuals from an EHR"
"nictiz.fhir.nl.stu3.zib2017","NL","3.0.1","Basisgegevensset Zorg || Patient Summary","nl","Patient Summary","The Basisgegevensset Zorg, aka BgZ, is the minimum set of patient data that is important for continuity of care and is relevant irrespective of specialism, patient conditions and type of physicians. This set of patient data is recorded comparatively by all healthcare providers. This facilitates information exchange. The BgZ has been made consistent with the European Patient Summary."
"hl7.fhir.us.davinci-pdex-plan-net","US","4.0.1","Davinci pdex Plan Net","us","Administration","A subset of the functionality described in the Validated healthcare directory IG"
"fhir.argonaut.clinicalnotes","US","3.0.1","Argonaut Clinical Notes Implementation Guide","us","EHR Access","This implementation guide provides implementers with FHIR profiles and guidance to create, use, and share Clinical Notes"
"fhir.argonaut.questionnaire","US","3.0.1","Argonaut Questionnaire Implementation Guide","us","EHR Access","Thi IG provides guidance to support interchange of simple forms based on the Questionnaire and QuestionnaireResponse resources: it provides implementers with FHIR RESTful APIs and guidance to create, use and share between organizations standard assessment forms and the assessment responses"
"hl7.fhir.us.carin-rtpbc","US","4.0.1","CARIN Real-time Pharmacy Benefit Check","us","Financial","This is a guide for implementing a consumer-focused Real-time Pharmacy Benefit Check (RTPBC) process using HL7 FHIR® R4.Using RTPBC, a patient can learn the cost and insurance coverage related to medications they’ve been prescribed"
"hl7.fhir.us.carin-bb","US","4.0.1","CARIN Blue Button Implementation Guide","us","Financial","Implementation guide for an API similar to the CMS Medicare Blue Button 2.0 API, FHIR R3 based, that will allow consumer-directed exchange of commercial Health Plan/Payer adjudicated claims data to meet the requirements of the CMS Interoperability and Patient Access proposed rule."
"hl7.fhir.us.davinci-atr","US","4.0.1","Risk Based Contracts Member Attribution List FHIR IG","us","Financial","Support the real-time exchange of alerts and notifications that impact patient care and value based or risk based services."
"basisprofil.de","DE","3.0.1","Basisprofil DE","de","National Base","German Base Profiles"
"hl7.fhir.uv.security-label-ds4p","International","4.0.1","FHIR Data Segmentation for Privacy","uv","Privacy / Security","Guidance for applying security labels in FHIR"
"hl7.fhir.uv.shorthand","International","4.0.1","FHIR Shorthand","uv","Administration","FHIR Shorthand (FSH) is a domain-specific language (DSL) for defining the contents of FHIR IGs to allow the author to express their intent with fewer concerns about underlying FHIR mechanics"
"hl7.fhir.us.dme-orders","US","4.0.1","Post Acute Orders FHIR IG","us","Care Management","Electronic exchange of post-acute orders"
"hl7.fhir.uv.mhealth-framework","International","4.0.1","Application Data Exchange Assessment Framework and Functional Requirements for Mobile Health","uv","Personal Healthcare","Document the functional requirements that can be used to assess devices, applications, and FHIR profiles to ensure that the essential data needed for clinical, patient and research uses is present in communications between applications"
"hl7.fhir.us.davinci-drug-formulary","US","4.0.1","US Drug Formulary","us","Medications / Immunizations","API-based data exchange to Third-Party Applications via Member-authorized sharing of Health Plan's Prescription Drug Formulary."
"hl7.fhir.it.base","IT","4.0.1","HL7 Italia FHIR Implementation Guide (base)","it","National Base","This guide describes a set of FHIR base profiles and reference logical models to be used in the Italian context"
"hl7.fhir.us.dental-data-exchange","US","4.0.1","Dental Data Exchange","us","Clinical Observations","This FHIR R4 IG defines exchange of medical and dental information exchange between medical/dental and dental/dental realms, including referral and corresponding consult note using US-core, CCDAonFHIR, Occupational Data for Health, and Da Vinci profiles."
"hl7.fhir.uv.order-catalog","International","4.0.1","Order Catalog Implementation Guide","uv","Administration","An Order Catalog is an administered homogeneous collection of items such as medication products, laboratory tests, procedures, medical devices or knowledge artifacts such as order sets, which support the ordering process, or more generally the healthcare process."
"hl7.fhir.uv.smart-web-messaging","International","4.0.1","SMART Web Messaging Implementation Guide: STU1","uv","EHR Access","SMART Web Messaging enables tight UI integration between EHRs and embedded SMART apps via HTML5’s Web Messaging. SMART Web Messaging allows applications to push unsigned orders, note snippets, risk scores, or UI suggestions directly to the clinician’s EHR session. Built on the browser’s javascript window.postMessage function, SMART Web Messaging is a simple, native API for health apps embedded within the user’s workflow"
"hl7.fhir.uv.v2mappings","International","4.0.1","HL7 Version 2 to FHIR","uv","Mappings to Other Standards","The HL7 V2 to FHIR Implementation Guide supports the mapping of HL7 Version 2 messages segments, datatypes and vocabulary to HL7 FHIR Release 4.0 Bundles, Resources, Data Types and Coding Systems."
"ihe.formatcode.fhir","International","4.0.1","IHE FormatCode vocabulary","uv","EHR Access","Defines IHE vocabulary for FormatCode and the IHE managed ValueSet for FormatCode for use with Document Sharing such as XDS, XCA, XDM, XDR, and MHD."
"hl7.terminology","International","5.0.0","HL7 Terminology","uv","Terminology","Terminology"
"hl7.fhir.uv.saner","International","4.0.1","Situational Awareness for Novel Epidemic Response","uv","Medication / Immunization","The SANER Implementation Guide enables transmission of high level situational awareness information from inpatient facilities to centralized data repositories to support the treatment of novel influenza-like illness."
"hl7.fhir.us.fhir-medmorph","US","4.0.1","Making Ehr Data MOre Available to Research and Public Health (MedMorph)","us","Medication / Immunization","The The MedMorph FHIR IG enables Public Health and Research Organizations to access EHR data without increasing provider burden."
"hl7.fhir.us.pacio-fs","US","4.0.1","PACIO Functional Status Implementation Guide","us","Patient Summary","FHIR R4 IG that leverages eLTSS and utilizes the Self-Care, Mobility and Prior Device use sections of CMS assessment forms (IRF-PAI, MDS, OASIS, LTCH) to enable the sharing of functional status information when a patient moves from one clinical care setting to another."
"hl7.fhir.us.pacio-cs","US","4.0.1","PACIO Cognitive Status Implementation Guide","us","Patient Summary","FHIR R4 IG that leverages eLTSS and utilizes the Confusion Assessment Method (CAM) assessment to enable the sharing of cognitive status information when a patient moves from one clinical care setting to another."
"hl7.fhir.us.specialty-rx","US","4.0.1","Specialty Medication Enrollment","us","EHR Access","This FHIR IG focuses on the exchange of data (Demographic, prescription, clinical and financial) for dispensing specialty medications by pharmacies as well as facilitating the enrollment of patients in programs offered by third parties such as but not limited to Hub vendors and Pharmaceutical manufacturers."
"hl7.fhir.us.vr-common-library","US","4.0.1","Vital Records Common Profile Library","us","Medication / Immunization","Library containing profiles used by other Vital Records IGs such as Birth and Fetal Death Reporting and Birth Defects Reporting."
"hl7.fhir.uv.subscriptions-backport","International","4.3.0","Subscriptions R5 Backport","uv","EHR Access","This guide defines a standard method of back-porting the R5 subscriptions API to R4 implementations as to bridge for pre-adopting R5 Subscriptions prior to adoption of the R5 FHIR standard."
"hl7.fhir.us.bfdr","US","4.0.1","Vital Records Birth and Fetal Death Reporting","us","Medication / Immunization","Provides guidance to implementers and states on reporting birth and fetal death information based on the current revisions of the U.S. Standard Certificate of Live Birth and U.S. Standard Report of Fetal Death."
"hl7.fhir.us.medmorph","US","4.0.1","Making EHR Data MOre available for Research and Public Health (MedMorph)","us","Medication / Immunization","Making EHR Data More Available for Research and Public Health (MedMorph) Reference Architecture enables clinical data exchange between EHR systems, public health systems/authorities, data repositories, and research organizations.  This data exchange utilizes if applicable, knowledge repositories and backend services applications (e.g. FHIR APIs) to determine the triggering event(s) for the data exchange, the process for the data exchange, and validation that the data being exchanged meets a set of rules in order to expedite the data exchange. "
"hl7.fhir.us.sdoh-clinicalcare","US","4.0.1","SDOH Clinical Care for Multiple Domains","us","Care Management","Profiles on FHIR R4 resources (using US Core as the basis where possible) used to document social determinants of health (SDOH) for an individual which covers many different factors considered social risks and social needs, e.g. Food Insecurity, Housing Stability and Quality, Transportation Access and others. The IG covers use cases identified from the clinical care setting that include : assessment of SDOH risks; evaluation of which risks can be addressed; setting goals,  documenting and tracking to completion SDOH interventions; and sharing SDOH information for an individual with organizations for secondary uses."
"hl7.fhir.uv.cdisc-mapping","International","4.0.1","CDISC Mapping FHIR IG","uv","Research","This implementation guide defines authoritative mappings between the CDISC LAB, SDTM and CDASH standards and the corresponding HL7 FHIR resources to ease interoperability and data conversion between systems implementing these standards."
"hl7.fhir.us.nhsn-ade","US","4.0.1","NHSN Reporting of Adverse Drug Events - Hypoglycemia","us","Medication / Immunization","US Realm IG providing guidance to implementers on reporting data elements to CDC's National Healthcare Safety Network (NHSN) related to inpatient blood glucose laboratory (including point-of-care) results and medication administration data (medications received during inpatient stay) based on FHIR resources. This IG addresses how inpatient EHR systems should format patient, blood glucose, and medication information to enable hospital reporting of these data to NHSN.  Query parameters are defined for each type of data element based on FHIR resources."
"hl7.fhir.us.nhsn-med-admin","US","4.0.1","NHSN Reporting: Inpatient Medication Administration","us","Surveillience / Reporting","US Realm IG providing guidance to implementers on reporting data elements to CDC's National Healthcare Safety Network (NHSN) related to inpatient medication administration for hospitalized patients diagnosed with COVID-19, based on FHIR resources and as part of NHSN COVID-19 reporting pathways."
"hl7.fhir.no.basis","NO","4.0.1","HL7 Norway no-basis","no","National Base","HL7 FHIR Base profiles for Norway"
"hl7.cql","International","4.0.1","Clinical Quality Language Specification","uv","Infrastructure","Clinical Quality Language (CQL) is a high-level, domain-specific language focused on clinical quality and targeted at measure and decision support artifact authors. In addition, this specification describes a machine-readable canonical representation called Expression Logical Model (ELM) targeted at implementations and designed to enable sharing of clinical knowledge."
"hl7.fhir.us.immds","US","4.0.1","Immunization Decision Support Forecast FHIR IG","us","Medications / Immunizations","A common FHIR implementation guide that expert systems may use to provide a common consistent interface enable decisioin support recommending which vaccinations a patient is due for next"
"hl7.fhir.us.icsr-ae-reporting","US","4.0.1","Profiles for ICSR Transfusion and Vaccination Adverse Event Detection and Reporting","us","Pharmaceutical","This Implementation Guide provides a set of profiles and algorithms around the detection, validation, and reporting, as well as the eventual recording and persisting of Adverse Events associated with blood transfusions and vaccinations.  EHRs and Provider Networks can use this guide to understand the data elements needed to facilitate the electronic reporting of these adverse events as well as ways of mining their data to detect adverse events"
"hl7.fhir.uv.immds","International","4.0.0","Immunization Decision Support Forecast FHIR IG","uv","Medications / Immunizations","The scope of this project is to produce and ballot a Standard for Trial Use (STU) Fast Healthcare Interoperability Resources (FHIR) implementation guide (IG) for use in Immunization Decision Support Forecast."
"hl7.fhir.us.udap-security","US","4.0.1","Security for Scalable Registration, Authentication, and Authorization","us","Privacy / Security","This implementation guide describes how to extend OAuth 2.0 to support secure and scalable workflows for business-to-business (B2B) apps that implement the client credentials flow or authorization code flow. "
"hl7.fhir.us.sirb","US","4.0.1","Single Institutional Review Board (sIRB) Implementation Guide","us","Research","This IG covers questionnaires and questionnaire responses in support of capturing and exchange of standardized forms in support of a single IRB (Institutional Review Board) where a single IRB will expedite approval for a project but still need to send all documentation to multiple relying IRBs."
"hl7.fhir.us.cancer-reporting","US","4.0.1","Sharing eCC Data from Pathology Labs to EHR","us","Diagnostics","Integrating the Healthcare Enterprise (IHE) Structured Data Capture (SDC) on FHIR uses a form-driven workflow to capture and transmit encoded data by creating FHIR Observations. The primary use case for this is transmitting data captured in College of American Pathologists electronic Cancer Checklists (eCCs), which are distributed as IHE SDC templates."
"hl7.fhir.uv.eyecare","International","4.0.1","HL7 FHIR® Implementation Guide: Ophthalmology Retinal, Release 1","uv","Diagnostics","Provides representation of ophthalmic domain and related clinical and administrative data elements in the FHIR format to support effective collaborative and continuity of care of patients suffering from eye conditions. "
"hl7.fhir.uv.shc-vaccination","International","4.0.1","SMART Health Cards Vaccination and Testing, Release 1 | STU 1","uv","Medication / Immunization","Defines the clinical and patient information contained within a SMART Health Card (SHC) related to vaccination and lab results related to an infectious disease like COVID-19."
"hl7.fhir.us.military-service","US","4.0.1","HL7 FHIR Implementation Guide for Military Service History and Status","us","Clinical Observations","Supports Military Service History and Status reporting consistent with US regulatory requirements (i.e. Title 38 Veteran Benefits)"
"dccfhirig.mohw.gov.tw","TW","4.0.1","Taiwan Digital COVID-19 Certificate","tw","Medication / Immunization","Taiwan Digital COVID-19 Certificate"
"hl7.fhir.us.covid19library","US","4.0.1","Logica COVID-19 FHIR Profile Library IG","us","Medication / Immunization","Support for exchanges of COVD-19 Patient Specific Data."
"hl7.fhir.uv.fhir-for-fair","International","4.3.0","FHIR for FAIR - FHIR Implementation Guide","uv","Research","The FHIR for FAIR Implementation Guide provides guidance on how the HL7 FHIR standard can be used for supporting the implementation and the assessment of the FAIR principles for health data"
"hl7.fhir.us.davinci-pct","US","4.0.1","Da Vinci Patient Cost Transparency Implementation Guide","us","Financial","Enables standard exchange of healthcare cost for items, services, and collection of services among stakeholders such as payers, providers, and patients in support of driving transparency for patients with accurate, timely access to cost of medical care prior to delivery of care in order to become better stewards of their healthcare dollars.   This guide creates a standard exchange to reduce administrative burden for communicating Good Faith Estimates (GFE) from providers of costs and services to payers and then, payers creating and returning an Advanced Explanation of Benefits (AEOB) back to the patient as required by law."
"hl7.fhir.us.exchange-routing","US","4.0.1","Hybrid / Intermediary Exchange","us","EHR Access","This IG is meant to define the standard for how providers, payers, intermediaries, and other actors will use  routing information about the transaction originator and destination to support a hybrid model of point-to-point interaction as well as intermediary brokered interactions without the actors in either side needing detailed knowledge of how intermediary routing works."
"hl7.fhir.us.pacio-rt","US","4.0.1","PACIO Re-Assessment Timepoints Implementation Guide","us","Clinical Documents","The Re-assessment Timepoints FHIR implementation guide (IG) describes how to create definitions for sub-periods of time within an extended post-acute care (PAC) admission and encounter. "
"hl7.fhir.us.davinci-ra","US","4.0.1","Da Vinci Risk Adjustment FHIR Implementation Guide","us","Financial","Enable standard exchange of risk-based coding gaps among stakeholders such as payers, providers, and government care programs in support of driving towards accurate and complete documentation of health conditions that would lead to more accurate risk-adjustment payment calculations, reduced administrative burden, and improved quality of care."
"hl7.fhir.uv.ipa","International","4.0.1","International Patient Access","uv","EHR Access","International Patient Access (IPA) defines a minimal, base set of FHIR profiles specifically intended to be used as-is, or built on top of by countries looking to enable patient access and patient-facing apps accessing data via FHIR"
"hl7.fhir.us.pacio-adi","US","4.0.1","PACIO Advance Directive Information Implementation Guide","us","Clinical Documents","The Advance Directive Interoperability (ADI) with FHIR implementation guide (IG) describes how to represent, exchange, and verify an individual's advance directive information regarding potential future care and treatment in the event the individual is not able to communicate such information directly."
"hl7.fhir.us.insurance-card","US","4.0.1","CARIN Digital Insurance Card","us","Financial","This IG provides a structured approach to take the data elements on an individual consumer’s health insurance card and represent them using FHIR Resources (i.e., a 'Digital Insurance Card' Bundle). The IG also documents patterns to share Digital Insurance Cards via FHIR APIs, SMART Health Cards, and SMART Health Links. This information can be provided by the health insurance company and presented by the member as proof of insurance when interacting with healthcare providers. Eligibility checks are not in the scope of this IG"
"hl7.fhir.uv.radiation-dose-summary","International","4.0.1","Radiation Dose Summary for Diagnostic Procedures on FHIR","uv","Diagnostics","Provides a summary of the DICOM radiation dose report in FHIR related to imaging procedures."
"hl7.fhir.us.central-cancer-registry-reporting","US","4.0.1","Making EHR Data MOre available for Research and Public Health (MedMorph) Central Cancer Registry Reporting Content IG","us","Public Health and Research","This guide defines how healthcare organizations onboard a new research data partner. It provides guidance to extract data from EHRs, transform the data, and populate data marts"
"hl7.fhir.us.health-care-surveys-reporting","US","4.0.1","Making EHR Data MOre available for Research and Public Health (MedMorph) Healthcare Surveys Reporting Content IG","us","Public Health and Research","This guide focuses on the National Hospital Care Survey (NHCS) and National Ambulatory Medical Care Survey (NAMCS) data that will be extracted from EHRs and/or clinical data repositories via FHIR and APIs and sent to a system hosted at the federal level."
"hl7.fhir.us.medmorph-research-dex","US","4.0.1","Making EHR Data MOre available for Research and Public Health (MedMorph) Research Content IG","us","Public Health and Research","This guide focuses on the National Hospital Care Survey (NHCS) and National Ambulatory Medical Care Survey (NAMCS) data that will be extracted from EHRs and/or clinical data repositories via FHIR and APIs and sent to a system hosted at the federal level."
"hl7.fhir.us.mdi","US","4.0.1","Medicolegal Death Investigation (MDI)","us","Medication / Immunization","This US-specific IG supports exchange of data for medicolegal death investigations, for example from a toxicology lab to a case management system (upstream), and from a case management system to a  jurisdictional electronic death registration system (EDRS)(downstream)."
"fhir.cqf.common","US","4.0.1","Clinical Quality Framework Common FHIR Assets","us","Quality / CDS","This implementation guide contains common FHIR assets for use in CQFramework content IGs, including FHIRHelpers and the FHIR-ModelInfo libraries"
"hl7.fhir.us.mihr","US","4.0.1","Maternal and Infant Health Research","us","Medication / Immunization","This guide focuses on calculation of maternal-related cohorts from available maternal care information sources. It specifies how to calculate two maternal-related cohort measures and link to maternal longitudinal record with associated child record(s). Initial use cases focus on pregnancy and subsequent death within a specific time frame and hypertensive disorders of pregnancy pre, ante, and postpartum. The IG leverages MedMorph, SANER, US Core profiles, and broader public health IGs"
"hl7.fhir.uv.patient-corrections","International","4.0.1","Patient Request for Corrections Implementation Guide","uv","Personal Healthcare","The Patient Corrections FHIR implementation guide standardizes the method of electronically exchanging the required information to facilitate the patient’s request for corrections and the electronic communication that reflects the workflow of the correction process. "
"hl7.fhir.us.identity-matching","US","4.0.1","Interoperable Digital Identity and Patient Matching","us","Privacy / Security","This FHIR implementation Guide provides guidance on leveraging Patient Matching and Digital Identity capabilities together to improve match quality and overall identity assurance in FHIR transactions. It defines methods to inform and execute cross organizational and internal patient matches via FHIR when requested for a permitted purpose or authorized by the Patient directly or by the Patient’s delegate. "
"fhir.cdc.opioid-mme-r4","US","4.0.1","CDC Opioid MME Calculator","us","Quality / CDS","This implementation guide provides Morphine Milligram Equivalent (MME) calculation logic as described by the Centers For Disease Control and Prevention (CDC) Guideline for Prescribing Opioids for Chronic Pain — United States, 2016"
"hl7.fhir.uv.fhircast","International","4.0.1","FHIRcast","uv","Imaging","Following a SMART on FHIR launch, FHIRcast enables a SMART app to subscribe to a user's session, synchronizing with other healthcare applications. Using OAuth 2.0, websockets and a few simple events: EHRs, PACS, SMART apps and other systems show the same patient (or study) to the same user at the same time. In advanced imaging integrations, the FHIRcast websocket connection is re-used by synchronized apps to collaboratively create and exchange draft image measurements and similar findings."
"ihe.iti.mhds","International","4.0.1","IHE Mobile Health Document Sharing (MHDS)","uv","Clinical Documents","This Implementation Guide shows how to build a Document Sharing Exchange using IHE-profiled FHIR standard, rather than the legacy IHE profiles that are dominated by XDS and HL7 v2. This Implementation Guide assembles other IHE Implementation guides (Profiles) and defines a Document Registry Actor."
"ihe.iti.mcsd","International","4.0.1","IHE Mobile Care Services Discovery (mCSD)","uv","Administration","The IHE Mobile Care Services Discovery (mCSD) IG provides a transaction for mobile and lightweight browser-based applications to find and update care services resources."
"ca.infoway.io.psca","CA","4.0.1","Pan-Canadian Patient Summary","ca","Patient Summary","The Pan-Canadian Patient Summary (PS-CA) IG and accompanying [PS-CA specification](https://infoscribe.infoway-inforoute.ca/pages/viewpage.action?pageId=149160290) adapt the HL7 [International Patient Summary](http://hl7.org/fhir/uv/ips/) (IPS) for use in a Canadian context."
"hl7.fhir.ca.baseline","CA","4.0.1","Canadian Baseline","ca","National Base","Base Canadian national implementation guide"
"ihe.iti.mhd","International","4.0.1","IHE Mobile Access to Health Documents (MHD)","uv","EHR Access","Defines a simple HTTP interface to a Document Sharing environment, including: publishing/query (XDS-on-FHIR), point-to-point push (XDR, Direct, XDM), and federation of communities (XCA)."
"ihe.iti.balp","International","4.0.1","IHE Basic Audit Log Patterns (BALP)","uv","Privacy / Security","The Basic Audit Log Patterns (BALP) **Content Profile** defines some basic and reusable AuditEvent patterns. This includes basic audit log profiles for FHIR RESTful operations, to be used when there is not a more specific audit event defined. Where a more specific audit event can be defined it should be derived off of these basic patterns."
"ihe.rad.imr","International","4.0.1","IHE Interactive Multimedia Report (IMR)","uv","Imaging","Support encoding and presentation of an interactive multimedia report"
"hl7.fhir.be.core","BE","4.0.1","HL7 Belgium FHIR Implementation Guide - Core profiles","be","National Base","HL7 Belgium FHIR Implementation Guide - Core profiles"
"hl7.fhir.be.patient-care","BE","4.0.1","eHealth FHIR Patient Care Profiles for Belgium","be","National Base","HL7 Belgium FHIR Implementation Guide - Prescription Search Support profiles"
"hl7.fhir.be.pss","BE","4.0.1","HL7 Belgium FHIR Implementation Guide - Prescription Search Support profiles","be","National Base","HL7 Belgium FHIR Implementation Guide - Prescription Search Support profiles"
"hl7.fhir.be.drp","BE","4.0.1","HL7 Belgium FHIR Implementation Guide - Digital Referral Prescription profiles","be","National Base","HL7 Belgium FHIR Implementation Guide - Digital Referral Prescription profiles"
"hl7.fhir.be.core-clinical","BE","4.0.1","HL7 Belgium FHIR Implementation Guide - Core clinical profiles - transversal","be","National Base","HL7 Belgium FHIR Implementation Guide - Core clinical profiles - transversal"
"hl7.fhir.be.medication","BE","4.0.1","HL7 Belgium FHIR Implementation Guide - Medication profiles","be","National Base","HL7 Belgium FHIR Implementation Guide - Medication profiles"
"hl7.fhir.be.vaccination","BE","4.0.1","HL7 Belgium FHIR Implementation Guide - Vaccination profiles","be","National Base","HL7 Belgium FHIR Implementation Guide - Vaccination profiles"
"hl7.fhir.be.mycarenet","BE","4.0.1","HL7 Belgium FHIR Implementation Guide - MyCareNet profiles","be","National Base","HL7 Belgium FHIR Implementation Guide - MyCareNet profiles"
"hl7.fhir.be.lab","BE","4.0.1","HL7 Belgium FHIR Implementation Guide - Lab related profiles","be","National Base","HL7 Belgium FHIR Implementation Guide - Lab related profiles"
"hl7.fhir.be.allergy","BE","4.0.1","HL7 Belgium FHIR Implementation Guide - Allergy profiles","be","National Base","HL7 Belgium FHIR Implementation Guide - Allergy profiles"
"hl7.fhir.be.patientwill","BE","4.0.1","eHealth FHIR Patient Will Profiles for Belgium","be","National Base","eHealth FHIR Patient Will Profiles for Belgium"
"tw.gov.mohw.twcore","TW","4.0.1","TW Core","tw","National Base","Taiwan Core Implementation Guide"
"tw.gov.mohw.cdc.twidir","TW","4.0.1","TWIDIR","tw","Medication / Immunization","Taiwan Infectious Disease Inspection Report Implementation Guide"
"tw.gov.mohw.emr","TW","4.0.1","EMR","tw","Clinical Observations","Taiwan EMR Implementation Guide"
"tw.gov.mohw.nhi.pas","TW","4.0.1","TWPAS","tw","Financial","Taiwan NHI Cancer Prior Authorization Support Implementation Guide"
"tw.gov.mohw.nhi.ngs","TW","4.0.1","TWNGS","tw","Clinical Documents","Taiwan NHI Next Generation Sequencing Implementation Guide"
"tw.gov.mohw.nhi.ci","TW","4.0.1","TWCI","tw","Administration","Taiwan NHI Catastrophic Illness Implementation Guide"
"tw.gov.mohw.nhi.empd","TW","4.0.1","EMPD","tw","Medication","Taiwan Electronic Medication Prescription and Dispense Implementation Guide"
"tw.cathay.fhir.iclaim","TW","4.0.1","IClaim","tw","Financial","Guidelines for Medical Insurance Claims Implementation"
"hl7.fhir.us.codex-radiation-therapy","US","4.0.1","CodeX™ Radiation Therapy","us","Care Management","The CodeX Radiation Therapy (RT) Implementation Guide (IG) describes how to represent and exchange radiation therapy treatment information. The CodeX RT IG enables radiation oncology information systems to generate treatment summaries that are retrievable by health systems, or other information systems, for display within the EHR interface to be used for care coordination and data reuse. "
"hl7.fhir.us.home-lab-report","US","4.0.1","At-Home In-Vitro Test Report","us","Clinical Documents","This Implementation Guide describes a framework for use for transmitting At-Home Point-of-Care lab test results to local, state, territorial and federal health agencies. This version also contains workflow description and profiles and vocabulary for transmitting Covid-At-Home tests."
"hl7.fhir.us.pacio-pfe","US","4.0.1","PACIO Personal Functioning and Engagement Implementation Guide","us","Patient Summary","The Personal Functioning and Engagement IG provides a framework for communicating the functioning of an individual, including their body functions and structure and their activities and participation in society, as well as related clinical care. The IG draws on the health and health-related domains defined within the International Classification of Functioning, Disability and Health (commonly known as ICF)."
"hl7.fhir.us.ph-library","US","4.0.1","US Public Health Profiles Library","us","Medication / Immunization","The US Public Health Profiles Library is a collection of reusable architecture and content profiles representing common public health concepts and patterns. It provides a framework for inclusion in multiple use case specific implementation guides focused on the exchange of Public Health information."
"hl7.fhir.us.directory-query","US","4.0.1","National Healthcare Query","us","Administration","Standard for endpoint query request and response for Validated National Directory federated access directories"
"hl7.fhir.us.directory-exchange","US","4.0.1","National Healthcare Directory Exchange","us","Administration","Standard for exchange of Health and Social Care Directory information between a Validated National Directory and a federated directory (primarily for workflow integration)."
"hl7.fhir.us.directory-attestation","US","4.0.1","National Healthcare Directory Attestation","us","Administration","Provides the methods and standards for the contribution, attestation, and validation of information in the National Directory.  This applies to individual demographics, organizational demographics, relationship between individuals and organizations, services provided, and electronic endpoint metadata."
"ihe.iti.svcm","International","4.0.1","Sharing Valuesets, Codes, and Maps (SVCM)","uv","Terminology","The Sharing Valuesets, Codes, and Maps (SVCM) Profile defines a lightweight interface through which healthcare systems may retrieve centrally managed uniform nomenclature and mappings between code systems based on the HL7 Fast Healthcare Interoperability Resources (FHIR) specification."
"hl7.fhir.uv.ihe-sdc-ecc","International","4.0.1","IHE SDC/eCC on FHIR","uv","Diagnostics","Integrating the Healthcare Enterprise (IHE) Structured Data Capture (SDC) on FHIR uses a form-driven workflow to capture and transmit encoded data by creating FHIR Observations. The primary use case for this is transmitting data captured in College of American Pathologists electronic Cancer Checklists (eCCs), which are distributed as IHE SDC templates."
"hl7.fhir.us.vitals","US","4.0.1","Vital Signs FHIR IG","us","Clinical Observations","US Realm Implementation Guide for Vital Signs observations with extensions for qualifying data."
"hl7.xprod.uv.gender-harmony","International","5.0.0","HL7 Cross Paradigm IG: Gender Harmony - Sex and Gender Representation","uv","Administration","Provide profile components and guidance on how to properly represent Gender Identity as distinct from clinical sex characterization via Sex For Clinical Use, as well as other aligned sex- or gender-related data elements (Recorded Sex or Gender, Name to Use, Pronouns, etc.) Covers implementation approaches for FHIR, CDA, and V2."
"fhir.r4.ukcore.stu3.currentbuild","UK","4.0.1","HL7 UK FHIR UKCore Implementation Guide","gb","National Base","HL7 UK FHIR UKCore Implementation Guide"
"hl7.fhir.uv.emedicinal-product-info","International","5.0.0","Electronic Medicinal Product Information (ePI) FHIR Implementation Guide","uv","Pharmaceutical Mgmt","This guide provides best practice guidance for creating and representing electronic product information for medicinal products."
"hl7.fhir.uv.vulcan-rwd","International","4.0.1","Retrieval of Real World Data for Clinical Research","uv","Research","This IG provides profiles that define the data needed from EHRs to answer research questions arising from clinical studies.  It will demonstrate how FHIR and EHRs can directly support clinical trials."
"hl7.fhir.us.mcc","US","4.0.1","MCC eCare Plan Implementation Guide","us","Care Management","Provides representation of clinical and social data elements in the FHIR Care Plan format. Focuses on 4 common chronic conditions: 1) chronic kidney disease (CKD), 2) type 2 diabetes mellitus (T2DM), 3) cardiovascular diseases (specifically, hypertension, ischemic heart disease and heart failure), and 4) pain."
"hl7.fhir.uv.vulcan-schedule","International","4.0.1","Clinical Study Schedule of Activities","uv","Research","This guide provides best practice guidance for representing the schedule of activities (visits/encounters) in a Research Study and for relating EHR data to that schedule.  It also includes definition of blocks of standard activities that can subsequently be used as components of studies."
"hl7.fhir.uv.ehrs-rle","International","5.0.0","EHRS Functional Model - Record Lifecycle Events Implementation Guide","uv","Mappings to Other Standards","This implementation guide describes the expected capabilities for an Electronic Health Record System (EHR-S) that intends to adhere to the ISO/HL7 10781 Electronic Health Record System Functional Model Release 2 which covers the logging of record lifecycle events."
"hl7.fhir.uv.ichom-breast-cancer","International","4.0.1","ICHOM breast cancer patient-centered outcome measure set FHIR IG","uv","Quality / CDS","This Implementation Guide describes the representation of the ICHOM Breast Cancer Patient Centered Outcomes Measures in HL7 FHIR and a description of the use cases for which these are be intended to be used."
"hl7.fhir.us.hsds","US","4.0.1","FHIR IG Human Services Directory","us","Care Management","FHIR API-based data exchange enabling healthcare provider, community-based organization, payer, and consumer-facing application systems to search standardized directories of organizations providing human and social services, providing foundational support for downstream care planning and management use cases, including closed loop referrals, care coordination and care management activities, consumer-based search for assistance, etc. This guide is a US Realm specification."
"medcom.fhir.dk.carecommunication","DK","4.0.1","DK MedCom CareCommunication","dk","Care Management","This IG includes profiles used in MedCom's CareCommunication standard. The purpose of CareCommunication is to support messagebased, digital communication between parties within Danish healthcare and the social area."
"medcom.fhir.dk.core","DK","4.0.1","DK MedCom Core","dk","Frameworks","This IG includes core profiles defined by MedCom. These profiles are used in MedCom's FHIR standards."
"medcom.fhir.dk.terminology","DK","4.0.1","DK MedCom Terminology","dk","Terminology","This IG includes CodeSystems, ValueSets and ConceptMaps defined by MedCom and used in MedCom's FHIR standards."
"medcom.fhir.dk.hospitalnotification","DK","4.0.1","DK MedCom HospitalNotification","dk","Care Management","This IG includes profiles used in MedCom's HospitalNotification standard. The purpose of HospitalNotification is to inform the citizen’s current care and health provider in the primary sector about the start, end, and period of leave of the citizen’s stay at the hospital. The communication is messagebased."
"medcom.fhir.dk.acknowledgement","DK","4.0.1","DK MedCom Acknowledgement","dk","Frameworks","This IG includes profiles used in MedCom's Acknowledgement standard. An Acknowledgement is used as a receipt in messagebased communication."
"medcom.fhir.dk.homecareobservation","DK","4.0.1","DK MedCom HomeCareObservation","dk","Care Management","This Implementation Guide contains profiles developed to be part of a production trial of the communication between the general practitioner and municipal acute care team.      "
"medcom.fhir.dk.messaging","DK","4.0.1","DK MedCom Messaging","dk","Frameworks","This IG includes messaging profiles defined by MedCom. These profiles are used in messagebased communication."
"hl7.cda.uv.core","International","5.0.0","CDA: Clinical Document Architecture","uv","Clinical Documents","This Implementation Guide is a representation of the Clinical Document Architecture (CDA) specification using FHIR Logical Models expressed as FHIR StructureDefinition instances."
"ihe.rad.ira","International","5.0.0","Integrated Reporting Applications","uv","Imaging","The Integrated Reporting Applications (IRA) profile helps applications that are used together during reporting (e.g., image display, report creator, clinical applications, AI tools, etc) to share information using a standard called FHIRcast. Each application can share what it is doing and the data it is creating, referred to as Context and Content, respectively. Other applications are notified so they can then intelligently synchronize their behavior or use the new data."
"ans.fhir.fr.pdsm","FR","4.0.1","PDSm","fr","Clinical Documents","Partage de Documents de Santé en mobilité (PDSm)"
"hl7.fhir.us.physical-activity","US","4.0.1","U.S. Physical Activity IG","us","Care Management","Defines U.S. interoperability expectations related to physical activity, including primary assessment, supporting measures, plans, goals, referrals and patient-engagement.  Supports interoperability between care managers (e.g. EHRs, community health systems, etc.), service providers (physical activity professionals including exercise physiologists, personal trainers, community fitness centers, etc.), as well as patient-facing applications."
"hl7.fhir.us.registry-protocols","US","4.0.1","Protocols for Clinical Registry Extraction and Data Submission (CREDS) IG","us","Clinical Registries","This guide profiles how a registry says what needs to be sent, and how a healthcare provider organization can use that to automate the collection and formatting the data into a submission, conforming to registry or FHIR implementation guide defined profiles and protocols."
"hl7.fhir.uv.rtls","International","4.0.1","Real Time Location Services Implementation Guide","uv","Administration","This implementation guide defines the use of FHIR resources to exchange real time data about where patients, staff, device, or other assets are located within a hospital or other healthcare facility. This data is typically exchanged between a healthcare system and a Real Time Location System (RTLS) that captures, processes, and stores information about the location of tracking tags."
"hl7.fhir.uv.ae-research-backport-ig","International","4.0.1","Adverse Event Clinical Research R4 Backport","uv","Research","This IG is for the clinical research setting. It defines the data elements needed to support the workflow for collecting and reporting serious and non-serious adverse events in clinical research to meet the need for regulatory submission requirements."
"hl7.cda.us.ccda","US","5.0.0","CCDA: Consolidated CDA Release","us","Clinical Documents","C-CDA 3.0 merges the C-CDA R2.1 and the C-CDA Companion Guides, adds C-CDA enhancement requests, and incorporates new design and guidance for USCDI V4. The guide represents C-CDA templates using HL7 FHIR StructureDefinition. It is built upon the underlying CDA standard’s structures defined as Logical Models. These FHIR Logical models are abstract data structures which have been instantiated into physical CDA templates to be implemented in CDA data exchange. As such, it adheres to the CDA Release 2.0 standard and remains a CDA-based Implementation Guide (IG)."
"hl7.fhir.uv.ae-research-ig","International","5.0.0","Adverse Event Clinical Research","uv","Research","This IG is for the clinical research setting. It defines the data elements needed to support the workflow for collecting and reporting serious and non-serious adverse events in clinical research to meet the need for regulatory submission requirements."
"hl7.fhir.uv.extensions","International","5.0.0","FHIR Core Extensions Registry","uv","Extensions","This package defines the 'core extensions' - the extensions defined globally and available to all implementers"
"hl7.fhir.us.ndh","US","4.0.1","National Directory of Healthcare Providers and Services (NDH) Implementation Guide","us","Administration","Standard for the population, verification and exchange of Health and Social Care Directory information between a Validated National Directory and local directories (primarily for workflow integration).  This applies to individual demographics, organizational demographics, relationship between individuals and organizations, services provided, and electronic endpoint metadata"
"ihe.iti.pcf","International","4.0.1","Privacy Consent on FHIR (PCF)","uv","Privacy / Security","The Privacy Consent on FHIR (PCF) Profile provides support for patient privacy consents and access control where a FHIR API is used to access Document Sharing Health Information Exchanges."
"hl7se.fhir.base","SE","4.0.1","HL7 Sweden base profiles","se","National Base","Implementation Guide for Swedish Base Profiles"
"hl7.fhir.us.davinci-vbpr","US","4.0.1","Da Vinci Value-Based Performance Reporting Implementation Guide","us","Financial","This implementation guide enables value-based performance reports to be specified in a standard format and exchanged using standardized mechanisms between payers and providers to support the shift from fee-for-service to value-based care."
"hl7.fhir.uv.ibcm","International","5.0.0","International Birth And Child Model Implementation Guide","uv","Clinical Observations","During a pregnancy clinical systems communicate data about the mother, the unborn fetus(es), the pregnancy, and child(ren). This includes information shared among EHR, ultrasound, radiology, lab and pharmacy systems. This IG explains how you model and communicate data and relate the fetus(es) to the mother using the FHIR resource Patient with extension indicating a distinct fetal record. Options for referencing information such as observation about the fetus as a body site within the maternal record will also be included. Examples and diagrams are provided to illustrate the use cases."
"hl7.fhir.uv.crmi","International","4.0.1","Canonical Resource Management Infrastructure Implementation Guide","uv","Infrastructure","The Canonical Resource Management Infrastructure implementation guide defines profiles, operations, capability statements and guidance to facilitate the content management lifecycle for authoring, publishing, distribution, and implementation of FHIR knowledge artifacts such as value sets, profiles, libraries, rules, and measures. The guide is intended to be used by specification and content implementation guide authors as both a dependency for validation of published artifacts, and a guide for construction and publication of content."
"hl7.fhir.uv.ebm","International","6.0.0","Evidence Based Medicine on FHIR Implementation Guide","uv","Evidence Base Medicine","This implementation guide covers the broad scope of representation of scientific knowledge, including (1) citations to represent identification, location, classification, and attribution for knowledge artifacts; (2) components of research study design including study eligibility criteria (cohort definitions) and endpoint analysis plans; (3) research results including the statistic findings, definition of variables for which those findings apply, and the certainty of these findings; (4) assessments of research results; (5) aggregation and synthesis of research results; (6) judgments regarding evidence syntheses and contextual factors related to recommendations; (7) recommendations; and (8) compositions of combinations of these types of knowledge. The types of interoperability covered include syntactic (Resource StructureDefinitions) and semantic (value sets)."
"kl.dk.fhir.term","DK","4.0.1","KLTerm","dk","Terminology","Base Terminology for KL"
"kl.dk.fhir.core","DK","4.0.1","KLCore","dk","Frameworks","Base Profiles for KL"
"kl.dk.fhir.gateway","DK","4.0.1","KLGateway","dk","Clinical Registries","KL Submission Guide of data for reporting of various elements"
"ihe.iti.sips","International","4.0.1","Sharing of IPS (sIPS)","uv","Clinical Documents","Defines how HL7 FHIR IPS is communicated using IHE Document Sharing"
"kl.dk.fhir.ffbmessaging","DK","4.0.1","KLFFBMessaging","dk","Frameworks","Danish municipalities implementation guide for FFB messaging. A standard for exchanging social information from citizen journals between municipalities. The aim is to support citizens continuously, e.g. when they move, or receives interventions outside their home municipality."
"kl.dk.fhir.ffinst","DK","4.0.1","KLFFinst","dk","Frameworks","Danish municipalities implementation guide for FFInst "
"kl.dk.fhir.ffbreporting","DK","4.0.1","KLFFBReporting","dk","Clinical Registries","Danish municipalities implementation guide for FFB reporting. A standard for reporting social information from citizen journals to a gateway. The aim is to use the data in population based studies and management information systems"
"animal.terapeuta","BR","4.0.1","Animal terapeuta (não humano)","br","Research","Cadastro de animais terapeutas visando a facilidade de localização deles pelas habilidades."
"br.go.ses.core","BR","4.0.1","Guia de Implementação da SES GO - CORE","br","Medication / Immunization","Guia de Implementação da SES GO - CORE"
"care.commonprofiles.fhir","SE","4.0.1","Common FHIR profile vendor collaboration","se","EHR Access","ImplementationGuide published by a collaborative group of Swedish stakeholders of healthcare IT systems."
"kl.dk.fhir.rehab","DK","4.0.1","KLGatewayRehab","dk","Clinical Registries","This implementation guide describes the delivery of §140 rehabilitation data to KL Gateway."
"kl.dk.fhir.prevention","DK","4.0.1","KLGatewayPrevention","dk","Clinical Registries","This implementation guide describes the delivery of §119 prevention/health promotion data to KL Gateway."
"kl.dk.fhir.children","DK","4.0.1","KLChildren","dk","Clinical Registries","This implementation guide describes the delivery of children health data to KL Gateway."
"hl7.fhir.kr.core","KR","4.0.1","KR Core Implementation Guide","kr","National Base","Base Korean national implementation guide"
"hl7.fhir.jp.core","JP","4.0.1","Japanese Core Implementation Guide","jp","National Base","A core set of FHIR resources profiled for the Japanese context"
"jp-eCheckupReport.r4","JP","4.0.1","Health Checkup Report Implementation Guide","jp","Clinical Documents","This guide defines the FHIR data representation and associated profiles for Health Checkup Report"
"jp-eCSCLINS.r4","JP","4.0.1","Clinical Information Sharing Implementation Guide","jp","Clinical Documents","This guide defines the FHIR data representation and associated profiles for the two documents and the five pieces of information defined by the Ministry of Health, Labor and Welfare"
"hl7.fhir.eu.laboratory","EU","4.0.1","HL7 Europe Laboratory Report","eu","Diagnostics","This guide defines a set of common rules to be applied to HL7 FHIR to represent a Laboratory Report in the European Context, coherently with the European eHN Guidelines"
"hl7.fhir.be.public-health","BE","4.0.1","HL7 FHIR Implementation Guide: Public Health IG Release 1 - BE Realm | STU1","be","National Base","HL7 FHIR Implementation Guide: Public Health IG Release 1 - BE Realm | STU1"
"hl7.fhir.be.infsec","BE","4.0.1","eHealth FHIR Infrastructure and Security Profiles for Belgium","be","National Base","eHealth FHIR Infrastructure and Security Profiles for Belgium"
"hl7.fhir.fi.smart","FI","4.0.1","Finnish Implementation Guide for SMART App Launch","fi","National Base","Guidelines for using the SMART App Launch mechanism in Finland, published and maintained by HL7 Finland."
"hl7.fhir.fi.base","FI","4.0.1","Finnish Base Profiles","fi","National Base","A core set of FHIR resources profiled for use in Finland, published and maintained by HL7 Finland"
"hl7.fhir.fi.scheduling","FI","4.0.1","Finnish Scheduling","fi","Care Management","Finnish HL7 FHIR implementation guide for scheduling, published and maintained by HL7 Finland"
"ihe.iti.dsubm","International","4.0.1","Document Subscription for Mobile (DSUBm)","uv","Clinical Documents","The Document Subscription for Mobile (DSUBm) profile provides a FHIR based subscription and notification mechanisms for Document Sharing. Enabling a subscription and notification when a document publication event matches the criteria expressed in the subscription."
"fhir.hrsa.uds-plus","US","4.0.1","HRSA Uniform Data System (UDS) Patient Level Submission (PLS) (UDS+ or uds-plus) FHIR IG","us","Surveillience / Reporting","UDS+ is part of HRSA`s modernization initiatives and requires health centers to report data annually as part of the funding grants. UDS is a standard data set that provides consistent information about Federally Qualified Health Centers. It is the source of non duplicated data for the entire scope of services included in the grant or designation for the calendar year. HRSA uses UDS data to assess the impact and performance of the Health Center Program, and to promote data-driven quality improvement"
"hl7.fhir.uv.pharm-quality","International","5.0.0","Pharmaceutical Quality (Industry)","uv","Pharmaceutical","The FHIR resource profiles specified in this implementation guide represent data in the ICH Quality Guidelines (https://www.ich.org/page/quality-guidelines). This implementation guide defines universal realm structured data elements to support structured authoring (e.g., master data; advanced analysis) for the creation and exchange of Quality information internationally."
"hl7.fhir.uv.cql","International","4.0.1","Using CQL with FHIR Implementation Guide","uv","Infrastructure","The Using CQL with FHIR implementation guide defines profiles, operations and guidance for the use of CQL with FHIR, both as a mechanism for querying, as well as inline and integrated usage as part of knowledge artifacts."
"hl7.fhir.us.resp-net","US","4.0.1","Respiratory Virus Hospitalization Surveillance Network (RESP-NET) Content Implementation Guide","us","Medication / Immunization","The Respiratory Virus Hospitalization Surveillance Network (RESP-NET) comprises three platforms that conduct population-based surveillance for laboratory-confirmed hospitalizations associated with COVID-19, Influenza, and Respiratory Syncytial Virus (RSV) among children and adults."
"hl7.fhir.us.pdmp","US","4.0.1","US Prescription Drug Monitoring Program (PDMP)","us","Medications / Immunizations","Guidance on the use of FHIR resources and search operations to allow requestors (prescribers, pharmacists, others) to obtain a patient's medication records held in one or more Prescription Drug Monitoring Programs (PDMPs).  Also describes how the information supplied by the PDMPs is contained in the other information exchanges in the larger PDMP environment."
"hl7.fhir.us.medication-rems","US","4.0.1","US Medication REMS","us","Medications / Immunizations","A Risk Evaluation and Mitigation Strategies (REMS) is a drug safety program that the U.S. FDA requires for certain medications with serious safety concerns. Complying with REMS can introduce manual work for the provider and potential delays in getting the medication to the patient. This IG provides guidance on using FHIR to automate notifications and information exchange between the provider and the REMS Administrator--to reduce burden on the provider and prevent delays in patient care."
"hl7.fhir.uv.cardx-htn-mng","International","4.0.1","CardX Hypertension Management IG","uv","Diagnostics","This implementation guide is intended to increase the quality of blood pressure data observed by the patient taken in a non-clinical setting or at home."
"hl7.fhir.us.pq-cmc-fda","US","5.0.0","Pharmaceutical Quality - Chemistry, Manufacturing and Controls (PQ-CMC) Submissions to FDA","us","Pharmaceutical","The FDA PQ-CMC FHIR IG is for submission of structured and standardized information regarding drug product quality, chemistry, manufacturing and processes controls.  This data is intended for submission to the US FDA by biopharmaceutical companies for the purpose of drug application review."
"hl7.fhir.uv.tools","International","5.0.0","HL7 Tools Extension IG","uv","Infrastructure","Definitions of the code systems and extensions used by the FHIR tools (validators, code generators, IG publication, etc)"
"ndhm.in","IN","4.0.1","FHIR Implementation Guide for ABDM","in","National Base","FHIR Implementation Guide for Ayushman Bharat Digital Mission"
"ihe.pcc.odh","International","4.0.1","IHE FHIR Profile: Occupational Data for Health (ODH) - International","uv","Clinical Observations","This IG covers the specific data that covers past or present jobs, usual work, employment status, retirement date and combat zone period for the subject. It also includes the past or present jobs and usual work of other household members. This IG is International scope"
"hl7.fhir.eu.extensions","EU","5.0.0","HL7 Europe Extensions","eu","Extensions","This guide lists the extensions specified for the European REALM."
"hl7.fhir.it.lab-report","IT","4.0.1","HL7 FHIR Implementation Guide Laboratory Report","it","Diagnostics","This guide defines a set of common rules to be applied to HL7 FHIR to represent a Laboratory Report in the Italian Context, coherently with the European FHIR Implementation Guide"
"hl7.at.fhir.gkl.ig-tooling","AT","4.0.1","IG Tooling by GKL","at","Research","This IG is built in order to describe the IG tooling."
"hl7.fhir.uv.fhir-clinical-document","International","4.0.1","FHIR Clinical Documents","uv","Clinical Documents","The FHIR Clinical Document Implementation Guide is a canonical representation of a clinical document in FHIR. The IG serves as a common universal starting point for those creating their own FHIR clinical document specifications, and supports those CDA users wishing to migrate to a FHIR-based representation of clinical documents."
"hl7.fhir.uv.smart-health-cards-and-links","International","4.0.1","SMART Health Cards and Links FHIR IG","uv","Communications","This Implementation Guide defines secure, standards-based mechanisms for individuals to store, share, and manage their health data. It encompasses SMART Health Cards (SHC) for verifiable clinical records and SMART Health Links (SHL) for flexible sharing of FHIR data, including patient-supplied information, dynamic records, and authorization delegation."
"hl7.fhir.nl.zorgviewer","NL","3.0.2","RIVO-Noord Zorgviewer","nl","EHR Access","De zorgviewer biedt zorgverleners een 360° beeld van de patiënt of cliënt. Opgebouwd uit alle beschikbare zorginformatie, waarvoor de patiënt of cliënt toestemming heeft gegeven."
"ihe.pcc.maps","International","4.0.1","Mobile Antepartum Summary","uv","Clinical Observations","Antepartum Summary is a content profile that defines the structure for the aggregation of significant events, diagnoses, and plans of care derived from the visits over the course of an antepartum episode."
"ihe.pcc.maps.us","US","4.0.1","Mobile Antepartum Summary US Realm","us","Clinical Observations","Antepartum Summary is a content profile that defines the structure for the aggregation of significant events, diagnoses, and plans of care derived from the visits over the course of an antepartum episode."
"ihe.iti.fais","International","4.0.1","IHE ITI Finance and Insurance Services","uv","Financial","The Finance and Insurance Service (FAIS) stores, categorizes, and facilitates the administration of centralized claims and finance data for patient care. The service receives claims/financial data from Point of Service applications (including financing applications acting as a point of service interface outside of other PoS systems) and curates the management of them."
"ihe.iti.scheduling","International","4.0.1","IHE ITI Scheduling","uv","Administration","The IHE FHIR Scheduling Profile is a specification providing FHIR APIs and guidance for access to and booking of appointments for patients by both patient and practitioner end users. This specification is based on FHIR Version 4 and specifically the Schedule, Slot, and Appointment resources, and on the previous work of the [Argonaut Project](https://fhir.org/guides/argonaut/scheduling/release1/)"
"hl7.fhir.us.smp","US","4.0.1","US Standardized Medication Profile (SMP)","us","Medications ","Standardized Medication Profile"
"hl7.fhir.uv.dicom-sr","International","5.0.0","DICOM® SR to FHIR Resource Mapping IG","uv","Imaging","Provides guidance for extracting key content from DICOM Structured Report (SR) objects into FHIR Observations  to make use of the results with  the larger hospital enterprise."
"hl7.fhir.us.nhsn-dqm","US","4.0.1","National Healthcare Safety Network (NHSN) Digital Quality Measure (dQM) Reporting Implementation Guide","us","Medication / Immunization","This implementation guide creates a framework for reporting to the National Healthcare Safety Network (NHSN) using digital quality measures (dQMs). NHSN will create FHIR Measure resources that comply with this framework and receive the resulting MeasureReport and related resources. The Measure resources will be processed by a measure evaluation engine, which can either pull data from an EHR FHIR API for evaluation, or be implemented inside an EHR directly."
"hl7.fhir.uv.application-feature","International","4.0.1","FHIR Application Feature Framework Implementation Guide","uv","Infrastructure","This IG defines profiles and extensions to implement features that were formerly considered for what was known as CapabilityStatement2. This includes a terminology-based approach to managing new assertions around system capabilities, which will allow for feature negotiation."
"hl7.fhir.uv.termchangeset","International","4.0.1","Terminology Change Set Exchange","uv","Terminology","This IG provides profiles and implementation guidance for exchanging terminology change sets that include full semantic detail from the source terminology utilizing the CodeSystem resource.  It also addresses exchanging terminology change sets containing provisional concepts not yet incorporated in source terminologies. Analysis of semantic detail to include in a change set is informed by the Tinkar Standardized Terminology Knowledgebase (https://www.hl7.org/implement/standards/product_brief.cfm?product_id=573) Reference Model, and mappings from that model are included on CodeSystem profiles."
"hl7.fhir.uv.lab-report","International","4.0.1","HL7 Laboratory Report","uv","Diagnostics","Universal implementation guide for laboratory reporting using FHIR (based on FHIR document or DiagnosticReport)"
"dk.ehealth.sundhed.fhir.ig.core","DK","4.0.1","FUT Infrastructure","dk","Frameworks","The Danish eHealth Infrastructure Implementation Guide defines a set of FHIR profiles with extensions and bindings needed to create interoperable, quality-focused applications."
"smart.who.int.base","International","4.0.1","SMART Base","uv","SMART (WHO)","Base SMART Guidelines implementation guide to be used as the base dependency for all SMART Guidelines IGs"
"smart.who.int.ts","International","4.0.1","SMART TS","uv","SMART (WHO)","SMART Guidelines Terminology artifacts and resources to be used as the across all SMART Guidelines IGs"
"smart.who.int.icvp","International","4.0.1","SMART ICVP","uv","SMART (WHO)","SMART Guidelines for International Certificate for Vaccination or Prophylaxis"
"smart.who.int.trust-phw","International","4.0.1","SMART TRUST PHW","uv","SMART (WHO)","Specifications for usage of Personal Health Wallet (PHW) with WHO GDHCN Trust Network"
"who.ddcc","International","4.0.1","WHO Digital Documentation of COVID-19 Certificates (DDCC)","uv","SMART (WHO)","This WHO Digital Documentation of COVID-19 Certificates (DDCC) Implementation Guide details how to use Health Level 7 (HL7) Fast Healthcare Interoperability Resources (FHIR) for consistent digital representation of COVID-19 certificates and interoperability"
"smart.who.int.trust","International","5.0.0","SMART Trust","uv","Privacy / Security","SMART Trust Implementation Guide"
"smart.who.int.dak-immz","International","4.0.1","SMART DAK IMMZ","uv","SMART (WHO)","SMART Guidelines Digital Adaptation Kit (DAK) for Immunizations"
"smart.who.int.dak-ccc","International","4.0.1","SMART DAK CCC","uv","SMART (WHO)","SMART Guidelines Digital Adaptation Kit (DAK) for Clinical Care in Crises (CCC)"
"smart.who.int.dak-tb","International","4.0.1","SMART DAK TB","uv","SMART (WHO)","SMART Guidelines Digital Adaptation Kit (DAK) for tuberculosis (TB)"
"smart.who.int.ips-pilgrimage","International","4.0.1","SMART Verifiable IPS for Pilgrimage","uv","SMART (WHO)","SMART Verifiable IPS for Pilgrimage"
"smart.who.int.ig-starter-kit","International","4.0.1","SMART Guidelines Starter Kit","uv","SMART (WHO)","SMART Guidelines Starter Kit"
"smart.who.int.dak-bds","International","4.0.1","SMART DAK BDS","uv","SMART (WHO)","SMART Digital Adaptation Kit (DAK) for birth defects surveillance (BDS)"
"smart.who.int.pcmt","International","4.0.1","SMART PCMT","uv","SMART (WHO)","SMART Product Catalog"
"smart.who.int.dak-smbp","International","4.0.1","SMART DAK SMBP","uv","SMART (WHO)","SMART Digital Adaptation Kit (DAK) for self-monitoring of blood pressure in pregnancy (SMBP)"
"smart.who.int.ra","International","4.0.1","Reference Architecture","uv","SMART (WHO)","The Reference Architecture Implementation Guide to be used as a starting point for building infrastructure with the SMART Guidelines approach"
"smart.who.int.pcmt-vaxprequal","International","4.0.1","SMART Product Dataset for Prequalified Vaccines","uv","SMART (WHO)","Data exchange specifications for Product Catalog supporting the SMART Guidelines"
"smart.who.int.anc","International","4.0.1","WHO SMART Guidelines - ANC","uv","SMART (WHO)","SMART Guidelines for Antenatal Care (ANC)"
"smart.who.int.dak-pnc","International","4.0.1","SMART DAK PNC","uv","SMART (WHO)","SMART Digital Adaptation Kit (DAK) for Postnatal Care"
"hl7.fhir.us.davinci-pr","US","4.0.1","DaVinci Postable Remittance FHIR Implementation Guide","us","Financial","This IG provides a FHIR API to search for and retrieve a copy of a previously issued postable remittance."
"hl7.fhir.uv.cqm","International","4.0.1","Quality Measure Implementation Guide","uv","Quality / CDS","The Quality Measure Implementation Guide (QM IG) describes an approach to representing Quality Measures (QMs) using the FHIR Clinical Reasoning Module and Clinical Quality Language (CQL). This Implementation Guide can be used for multiple use cases across many domains."
"ca.argentixinfo.howtopub","CA","4.0.1","How to Publish a FHIR Implementation Guide","ca","Infrastructure","An instruction guide showing how to use the HL7 IG Publisher's -go-publish feature to publish an implementation guide to a website."
"hl7.fhir.uv.phr","International","4.0.1","Standard Personal Health Record","uv","Personal Healthcare","A specifcation for a standard personal health record file format, for collecting and assembling longitudinal records from multiple EHR vendors."
"hl7.fhirpath","International","4.0.1","FHIRPath Specification","uv","Infrastructure","FHIRPath specification"
"ch.fhir.ig.ch-vacd","CH","4.0.1","CH VACD (R4)","ch","National Base","The CH VACD implementation guide describes the FHIR representation of the defined documents for the exchange of immuniuzation"
"ch.fhir.ig.ch-allergyintolerance","CH","4.0.1","CH-AllergyIntolerance (R4)","ch","National Base","Swiss Implementation Guide for Allergy & Intolerance based on the recommendations of the interprofessional working group EPR (IPAG)."
"ch.fhir.ig.ch-lab-order","CH","4.0.1","CH LAB-Order (R4)","ch","National Base","Swiss Implementation Guide for the exchange of order data in the laboratory sector."
"ch.fhir.ig.ch-etoc","CH","4.0.1","CH eTOC (R4)","ch","National Base","Transition of Care Implementation Guide based on the IPAG report."
"ch.fhir.ig.ch-atc","CH","4.0.1","CH ATC (R4)","ch","National Base","The profile CH ATC defines the audit trail consumption requirements for the EPR in Switzerland which a community has to provide for a patients audit trail."
"ch.fhir.ig.ch-elm","CH","4.0.1","Observations of notifiable communicable infectious diseases","ch","Medication / Immunization","CH ELM is a project of the Swiss Federal Office of Public Health (FOPH), Communicable Diseases Division, to enable laboratories to send their observations of notifiable communicable infectious diseases to the FOPH electronically."
"ch.fhir.ig.ch-lab-report","CH","4.0.1","CH LAB-Report (R4)","ch","National Base","Implementation Guide for Laboratory Reports in Switzerland."
"ch.fhir.ig.ch-emed-epr","CH","4.0.1","FHIR eMedication exchange formats for the implementation effort of CARA within its EPR community","ch","Medications / Immunizations","FHIR eMedication exchange formats for the implementation effort of CARA within its EPR community."
"ch.fhir.ig.ch-term","CH","4.0.1","CH Term (R4)","ch","National Base","FHIR implementation guide containing terminology that is used in Switzerland for the core profiles, various exchange formats and also in the context of the Swiss electronic patient record (EPR)."
"ch.fhir.ig.ch-epr-fhir","CH","4.0.1","CH EPR FHIR (R4)","ch","National Base","This national extension provides a FHIR based API for the Swiss EPR by extending the IHE FHIR based mobile profiles."
"ch.fhir.ig.ch-ips","CH","4.0.1","CH IPS (R4)","ch","National Base","Swiss IPS based on the International Patient Summary Implementation Guide."
"ch.fhir.ig.ch-rad-order","CH","4.0.1","CH RAD-Order (R4)","ch","National Base","Based on the CH ORF Implementation Guide for Order & Referral in the Radiology domain to achieve a syntactical and semantically consistent cross enterprise information exchange."
"hl7.at.fhir.core.r5","AT","5.0.0","HL7® Austria FHIR® Core Implementation Guide","at","National Base","A FHIR® Implementation Guide for the HL7® Austria FHIR® Core Profiles."
"hl7.at.fhir.core.r4","AT","4.0.1","HL7® Austria FHIR® Core Implementation Guide","at","National Base","A FHIR® Implementation Guide for the HL7® Austria FHIR® Core Profiles."
"hl7.fhir.uv.tx-ecosystem","International","5.0.0","HL7 Terminology Ecosystem IG","uv","Infrastructure","Terminology Ecosystem documentation and test cases"
"hl7.fhir.dk.smart","DK","4.0.1","HL7 FHIR Implementation Guide: DK SMART","dk","National Base","Base danish national implementation guide for SMART"
"hl7.fhir.uv.cds-hooks","International","4.0.1","CDS Hooks Specification","uv","Clinical Decision Support","CDA-Hooks Specification"
"hl7.fhir.uv.cds-hooks-library","International","4.0.1","CDS Hooks Hook Library","uv","Clinical Decision Support","CDS Hooks Hook Library"
"hl7.fhir.be.nihdi-terminology","BE","4.0.1","NIHDI Terminology Profiles for Belgium","be","National Base","NIHDI Terminology Profiles for Belgium"
"hl7.fhir.us.pacio-toc","US","4.0.1","PACIO Transitions of Care Implementation Guide","us","Clinical Documents","Transitions of Care Implementation Guide"
"hl7.fhir.us.safr","US","4.0.1","US Situational Awareness Framework for Reporting (US SAFR) Implementation Guide","us","Public Health","Situational Awareness Framework for Reporting (US SAFR)"
"hl7.fhir.us.pco","US","4.0.1","Person-Centered Outcomes (PCO) Implementation Guide","us","Care Management","Person-Centered Outcomes (PCO) Implementation Guide"
"hl7.fhir.uv.cgm","International","4.0.1","Continuous Glucose Monitoring","uv","Diagnostics","Continuous Glucose Monitoring"
"hl7.fhir.us.cql","US","4.0.1","Common CQL Assets for FHIR (US-Based)","us","Quality/CDS","Common CQL Assets for FHIR"
"hl7.fhir.uv.cow","International","4.0.1","Clinical Order Workflows","uv","Care Management","Clinical Order Workflows"
"hl7.ehrs.uv.ehrsfmr2","International","5.0.0","HL7 Electronic Health Record System Functional Model, Release 2.1.1","uv","EHR-S Family","Electronic Health Record System Functional Model"
"hl7.ehrs.uv.phrsfmr2","International","5.0.0","HL7 Personal Health Record System Functional Model, Release 2","uv","EHR-S Family","Personal Health Record System Functional Model"
"myhealth.eu.fhir.laboratory","EU","4.0.1","MyHealth@Eu Laboratory Report","eu","Laboratory Report","MyHealth@EU Laboratory Report Implementaion Guide for European Cross border services."
"medcom.fhir.dk.xdsmetadata","DK","4.0.1","Dk Terminology for XDS Metadata","dk","Clinical Documents","MedCom Terminology for XDS Metadata"
"hl7.fhir.eu.base","EU","4.0.1","HL7 Europe Base and Core (R4)","eu","Regional Base","This guide lists the base and core profiles - FHIR R4 - specified for the European REALM."
"hl7.fhir.eu.base-r5","EU","5.0.0","HL7 Europe Base and Core (R5)","eu","Regional Base","This guide lists the base and core profiles  - FHIR R5 - specified for the European REALM."
"hl7.fhir.eu.imaging-r5","EU","5.0.0","HL7 Europe Imaging Study Report","eu","Imaging","This implementation guide specifies imaging study data in the European context, as defined in eHN Imaging Studies and Reports and refined by XtEHR Imaging Logical Model, as a FHIR model."
"hl7.fhir.eu.hdr","EU","4.0.1","HL7 Europe Hospital Discharge Report","eu","Discharge Report","This implementation guide specifies the Hospital Discharge Report in the European context, as defined in eHN Hospital Discharge Report guidelines."
"hl7.fhir.eu.mpd","EU","4.0.1","HL7 Europe Medication Prescription and Dispense","eu","Medication Management","This guide describes how to represent in HL7 FHIR Prescription and Dispense in the European context. (FHIR R4)"
"hl7.fhir.eu.mpd-r5","EU","5.0.0","HL7 Europe Medication Prescription and Dispense","eu","Medication Management","This guide describes how to represent in HL7 FHIR Prescription and Dispense in the European context. (FHIR R5)"
"hl7.eu.fhir.xshare-ips-plus","EU","4.0.1","xShare Project xShare Project IPS+ Implementation Guide","eu","EHDS","This guide provides instructions to help you understand and implement your product in accordance with the xShare IPS+, facilitating in the access and adoption of the selected specifications."
"hl7.eu.fhir.xshare-yb","EU","4.0.1","xShare Project Yellow Button Implementation Guide","eu","EHDS","xShare envisions everyone sharing their health data in European Electronic Health Record Exchange Format (EEHRxF) with a click-of-a-button - the xShare yellow button - to be featured across health portals and patient apps, allowing people to exercise their data portability rights under GDPR."
"ihe.qrph.ccg","International","4.0.1","Computable Care Guidelines (CCG)","uv","Computable Care Guidelines","The IHE Computable Care Guidelines (CCG) Profile specifies a normative grammar and a normative transaction processing model that allows evidence-based care recommendations to be expressed in a way that a digital health solution can ingest and operationalize. This is an implementable and conformance-testable specification. It is targeted to regulated healthcare markets where the support for multiple conditions is an important requirement. The CCG Profile supports jurisdictions that want to leverage digital health to systemically improve the adoption of guideline-adherent best practices across an entire care delivery network."
"ihe.pharm.mpd","International","5.0.0","Medication Prescription and Dispense (MPD)","uv","Medication","The Medication Prescription and Dispense (MPD) profile defines profiles and actors for interoperable systems handling medication ordering and dispensing."
"unicas-ig","ES","5.0.0","ÚNICAS Rare Diseases HL7 FHIR Implementation Guide","es","Rare Diseases","This is the implementation guide for ÚNICAS, a project whose objective is to create an ecosystem of partnerships to improve healthcare for pediatric patients with complex rare diseases. Through the network within the National Health System, the project aims to improve the diagnosis and care of patients with rare diseases. Published by TIC Salut Social, CatSalut Departament de Salut de Catalunya, Sistema Nacional de Salud Ministerio de Sanidad de España"
"de.fhir.medication","DE","4.0.1","Medication IG DE","de","National Base","Developed for the German healthcare context, this specification provides a set of profiles and extensions for medication management, currently focused on Dosage and Timing, based on FHIR R4."
"hl7.fhir.uv.omop","International","5.0.0","Vulcan FHIR to OMOP FHIR Implementation Guide","uv","research","This IG delivers FHIR‑to‑OMOP Logical Models, StructureMaps, and pragmatic, hands‑on implementer guidance, enabling you to: Transform data uniformly with minimal information loss, Accelerate observational research and real‑world‑evidence generation with FHIR, and Cut costs and time through faster, more consistent ETL pipelines"
"hl7.fhir.uv.cardx-cied","International","5.0.0","CardX - Cardiac Implantable Electronic Devices","uv","Care Management","The CardX - Cardiac Implantable Electronic Devices IG defines universal standards to enable interoperable data exchange for CIED use cases and data. The IG consists of FHIR profiles, extensions, transactions, and value sets needed to represent, query for, and exchange data for evidence-based management of CIED patients."
"hl7.fhir.uv.pharmaceutical-research-protocol","International","6.0.0","Pharmaceutical Clinical Trial Protocols","uv","Research","The IG covers a range of use cases for digital representation of a Clinical Trial protocol.   The simplest use case is document oriented submission of a protocol to a Regulator. Complex use cases require detailed machine processable representation of a protocol."
"hl7.fhir.us.cdc-opioid-cpg","US","4.0.1","Data Exchange Profiles for 2022 CDC Clinical Practice Guideline for Prescribing Opioids","us","Quality/CDS","Defines exchange expectations for systems that implement the CDC's Clinical Practice Guideline for Prescribing Opioids, both in terms of the data required to evaluate whether recommendations are applicable, as well as the data required to represent proposals resulting from those recommendations."
"hl7.xprod.uv.piqi","International","5.0.0","HL7 Informative Document: Patient Information Quality Improvement (PIQI) Framework, Edition 1","uv","Frameworks","The Patient Information Quality Improvement Framework or PIQI Framework (pronounced ‘picky’) creates a standard approach to evaluating data quality of patient-centric healthcare information. PIQI prioritizes portability and reusability, enabling seamless integration into various systems irrespective of the data source."
"cori.fhir.ig.wrig","US","4.0.1","US HR1 Medicaid Work Requirements IG (proposed, not supported by CMS)","us","Care Management","Profiles and implementation details for US HR1 Medicaid Work Requirements exemption and activity verification."
"fhir.astp.bhp","US","4.0.1","US Behavioral Health Profiles","us","Care Management","The United States Core Data for Interoperability (USCDI) Plus Behavioral Health (BH) dataset (also referred to as USCDI+ BH) aims to enhance the exchange and interoperability of behavioral health information across healthcare systems in the United States. Building on the USCDI foundation, this dataset addresses the unique needs and challenges associated with behavioral health data. It is designed to facilitate behavioral health integration with other healthcare services, support better clinical decision-making, and improve patient outcomes."
"csiro.stars","AU","5.0.0","Csiro Stars","au","Diagnostics","The STARS network provides restricted sample submission. This implementation guide outlines the requirements for users to implement a common standard FHIR protocol to transfer specimen information between laboratories for the purpose of testing."
"hl7.fhir.pl.base.r5","PL","5.0.0","PL Base (R5)","pl","Regional Base","This guide lists the base profiles specified for the Polish realm."
"bd.fhir.core","BD","4.0.1","Bangladesh FHIR Implementation Guide - Core Profiles","bd","National Base","National base profiles, CodeSystems, and ValueSets for Bangladesh, developed and maintained by the Directorate General of Health Services (DGHS), Ministry of Health and Family Welfare."
"org.sql-on-fhir.ig","International","5.0.0","SQL on FHIR","uv","Infrastructure","A specification for defining portable views of FHIR data that can be easily queried using tools such as SQL."
"iknl.fhir.r4.pzp","NL","4.0.1","Advance Care Planning (PZP)","nl","Care Management","This implementation guide supports the Advance Care Planning (ACP) information standard (Dutch: Proactieve Zorgplanning) and is intended for use within the palliative care domain in the Netherlands."
"iknl.fhir.stu3.pzp","NL","3.0.2","Advance Care Planning (PZP)","nl","Care Management","This implementation guide supports the Advance Care Planning (ACP) information standard (Dutch: Proactieve Zorgplanning) and is intended for use within the palliative care domain in the Netherlands."
